path,filename,site_link,date,folder,creator,original_url,slug,title,description,tags,buy_url,src_path
YangGang,themotherbill.jpg,https://yangprints.com/banner/the-motherbill,2019-07-04,banner,Yang Gang,https://docs.google.com/document/d/1x9r0dEgK8uAXBQYCKC5G9jV9acHHtvH1Zt32TrKFL4g/edit,the-motherbill,The Motherbill,Click YangGang for info on printing,bucks,,
SoCalYangGang,RB_intro_w33h80_bleed2in.pdf,https://yangprints.com/banner/yang-intro-roll-banner,2019-09-09,banner,SoCal Yang Gang,https://drive.google.com/drive/folders/1JtBJ5Kky0xCz2GBN6Qb43683dbyiF64s,yang-intro-roll-banner,Google Andrew Yang,Roll Banner,google,,
SoCalYangGang,RB_links_w33h80_bleed2in.pdf,https://yangprints.com/banner/yang-links-roll-banner,2019-09-09,banner,SoCal Yang Gang,https://drive.google.com/drive/folders/1JtBJ5Kky0xCz2GBN6Qb43683dbyiF64s,yang-links-roll-banner,Intrigued? Ask Us Anything,Roll Banner,,,
YangGang,yang_card_back.png,https://yangprints.com/bcard/bcard001-back,2019-05-20,bcard,Tommy,https://drive.google.com/drive/folders/1SEhQ0NeR4R7KSqV1lXHp6--2jKUtJgey,bcard001-back,,,,,https://drive.google.com/drive/folders/1SEhQ0NeR4R7KSqV1lXHp6--2jKUtJgey
YangGang,yang_card_front.png,https://yangprints.com/bcard/bcard001-front,2019-05-20,bcard,Tommy,https://drive.google.com/drive/folders/1SEhQ0NeR4R7KSqV1lXHp6--2jKUtJgey,bcard001-front,,,,,https://drive.google.com/drive/folders/1SEhQ0NeR4R7KSqV1lXHp6--2jKUtJgey
YangGang,bcard001-back.png,https://yangprints.com/bcard/bcard002-back,2019-07-11,bcard,Yang Gang,https://drive.google.com/drive/folders/1EZ9I_hUmY_88bKYTXSP1-_O0mLtMnfI4,bcard002-back,,,,,
YangGang,bcard001-front.png,https://yangprints.com/bcard/bcard002-front,2019-07-11,bcard,Yang Gang,https://drive.google.com/drive/folders/1EZ9I_hUmY_88bKYTXSP1-_O0mLtMnfI4,bcard002-front,,,,,
AutisticsForYang,humanity-first-bcard.png,https://yangprints.com/bcard/make-america-think-harder,2019-07-17,bcard,@Autistics4Yang,https://twitter.com/Autistics4Yang/status/1150959420588875777,make-america-think-harder,#Forward,Not Left. Not Right.,forward,,https://jumpshare.com/v/fQzIbg9ebgtuZ0aqJUFH
AndrewH,bcard-back.png,https://yangprints.com/bcard/ah-bcard-back,2019-08-20,bcard,Andrew H,https://drive.google.com/drive/u/1/folders/1_mEU8ehq9FjS3Pncmqanu_vx9a1k6EmE,ah-bcard-back,Interested in Andrew Yang?,Here's where to watch,,,
YangGang,2_wwyd_blue_spanish_back.png,https://yangprints.com/bcard/wwyd-blue-spanish-back,2019-08-31,bcard,Yang Gang,https://drive.google.com/drive/folders/1EZ9I_hUmY_88bKYTXSP1-_O0mLtMnfI4,wwyd-blue-spanish-back,"Yang, Dem√≥crata Para Presidente",,spanish,,
YangGang,2_wwyd_blue_spanish_front.png,https://yangprints.com/bcard/wwyd-blue-spanish-front,2019-08-31,bcard,Yang Gang,https://drive.google.com/drive/folders/1EZ9I_hUmY_88bKYTXSP1-_O0mLtMnfI4,wwyd-blue-spanish-front,¬øQu√© Har√≠a Usted Con $1000 Extra Cada Mes?,,spanish,,
YangGang,3_socalyg_back.png,https://yangprints.com/bcard/socalyg-back,2019-08-31,bcard,Yang Gang,https://drive.google.com/drive/folders/1EZ9I_hUmY_88bKYTXSP1-_O0mLtMnfI4,socalyg-back,Yang Policies,,,,
YangGang,6_hopefuldealer_back.jpg,https://yangprints.com/bcard/hopefuldealer-back,2019-08-31,bcard,Yang Gang,https://drive.google.com/drive/folders/1EZ9I_hUmY_88bKYTXSP1-_O0mLtMnfI4,hopefuldealer-back,$1000/mo for every American adult,,,,
BCards,yang-cc-01-back.jpg,https://yangprints.com/bcard/yang-cc-01-back,2019-09-04,bcard,@plantmore_trees,https://twitter.com/plantmore_trees/status/1169452160183980032,yang-cc-01-back,,,,,
BCards,yang-cc-01-front.jpg,https://yangprints.com/bcard/yang-cc-01-front,2019-09-04,bcard,@plantmore_trees,https://twitter.com/plantmore_trees/status/1169452160183980032,yang-cc-01-front,,,,,
BCards,BC_01.pdf,https://yangprints.com/bcard/bc-01,2019-09-09,bcard,@MassiveChemist,https://www.reddit.com/r/YangForPresidentHQ/comments/d1lukq/new_business_card_designs/,bc-01,He's running for President,Over 160 policies,policies,,https://www.dropbox.com/sh/nz41yd6ku5r84gt/AAAPlh17ZQuipoz3AKzi8FMya?dl=0
BCards,BC_02.pdf,https://yangprints.com/bcard/bc-02,2019-09-09,bcard,@MassiveChemist,https://www.reddit.com/r/YangForPresidentHQ/comments/d1lukq/new_business_card_designs/,bc-02,It's not left or right. It's forward.,,forward,,https://www.dropbox.com/sh/nz41yd6ku5r84gt/AAAPlh17ZQuipoz3AKzi8FMya?dl=0
YangGang,8_ivanaltair_spanish_back.png,https://yangprints.com/bcard/ivanaltair-spanish-back,2019-09-13,bcard,Yang Gang,https://drive.google.com/drive/folders/1EZ9I_hUmY_88bKYTXSP1-_O0mLtMnfI4,ivanaltair-spanish-back,Como se paga?,,spanish,,
YangGang,8_ivanaltair_spanish_front.png,https://yangprints.com/bcard/ivanaltair-spanish-front,2019-09-13,bcard,Yang Gang,https://drive.google.com/drive/folders/1EZ9I_hUmY_88bKYTXSP1-_O0mLtMnfI4,ivanaltair-spanish-front,"Hola, Soy Andrew Yang",,spanish,,
YangGangPrints,1000-podcastQR.jpg,https://yangprints.com/bcard/1000-podcast-qr,2019-09-16,bcard,Yang Gang,http://yanggangprintables.com,1000-podcast-qr,What would you do with an extra $1000 every month?,"With QR codes to Breakfast Club, The View, and the H3 Podcast",,,
YangGangPrints,bipartisan-appeal.jpg,https://yangprints.com/handout/bipartisan-appeal,2019-09-16,handout,Yang Gang,http://yanggangprintables.com,bipartisan-appeal,Yang's Bipartisan Appeal,,,,
YangGangPrints,bucks-card2.jpg,https://yangprints.com/bcard/bucks-card2,2019-09-16,bcard,Yang Gang,http://yanggangprintables.com,bucks-card2,Venn Diagram,,,,
YangGangPrints,card-FD-back.png,https://yangprints.com/bcard/card-fd-back,2019-09-16,bcard,Yang Gang,http://yanggangprintables.com,card-fd-back,"Admit it, You're a little curious",,,,
YangGangPrints,card-FD-front.jpg,https://yangprints.com/bcard/card-fd-front,2019-09-16,bcard,Yang Gang,http://yanggangprintables.com,card-fd-front,Freedom Dividend.,,,,
YangGangPrints,card-fishingrod.jpg,https://yangprints.com/bcard/card-fishingrod,2019-09-16,bcard,Yang Gang,http://yanggangprintables.com,card-fishingrod,"The Freedom Dividend is not a fish, it is the fishing rod.",,ubi,,
YangGangPrints,card-math-policies.jpg,https://yangprints.com/bcard/card-math-policies,2019-09-16,bcard,Yang Gang,http://yanggangprintables.com,card-math-policies,MATH Policies,,math,,
YangGangPrints,card-MATH.png,https://yangprints.com/bcard/card-math,2019-09-16,bcard,Yang Gang,http://yanggangprintables.com,card-math,MATH,,math,,
YangGangPrints,card-trust-money.jpg,https://yangprints.com/bcard/card-trust-money,2019-09-16,bcard,Yang Gang,http://yanggangprintables.com,card-trust-money,Who do you trust with the money?,,,,
Buttons,yang-gang-cruz.pdf,https://yangprints.com/button/yang-gang-cruz,2019-09-03,button,YangPrints,https://www.dropbox.com/sh/wo27arc9f64g574/AADOZYzmSKlztF90usq8-91pa?dl=0,yang-gang-cruz,Yang Gang Cruz,"2.25"" button",california,,
Buttons,math-blue.pdf,https://yangprints.com/button/math-blue,2019-09-03,button,YangPrints,https://www.dropbox.com/sh/wo27arc9f64g574/AADOZYzmSKlztF90usq8-91pa?dl=0,math-blue,Math Blue,"2.25"" button",math,,
Buttons,cal-for-yang.pdf,https://yangprints.com/button/cal-for-yang,2019-09-03,button,YangPrints,https://www.dropbox.com/sh/wo27arc9f64g574/AADOZYzmSKlztF90usq8-91pa?dl=0,cal-for-yang,Cal For Yang,"2.25"" button",california,,
Buttons,yang-mic.pdf,https://yangprints.com/button/yang-mic,2019-09-03,button,YangPrints,https://www.dropbox.com/sh/wo27arc9f64g574/AADOZYzmSKlztF90usq8-91pa?dl=0,yang-mic,Yang Mic,"2.25"" button",,,
Buttons,goths-for-yang.pdf,https://yangprints.com/button/goths-for-yang,2019-09-03,button,YangPrints,https://www.dropbox.com/sh/wo27arc9f64g574/AADOZYzmSKlztF90usq8-91pa?dl=0,goths-for-yang,Goths For Yang,"2.25"" button","california, goths",,
Buttons,freedom-dividend.pdf,https://yangprints.com/button/freedom-dividend,2019-09-03,button,YangPrints,https://www.dropbox.com/sh/wo27arc9f64g574/AADOZYzmSKlztF90usq8-91pa?dl=0,freedom-dividend,Freedom Dividend,"2.25"" button",,,
Buttons,math-bear.pdf,https://yangprints.com/button/math-bear,2019-09-03,button,YangPrints,https://www.dropbox.com/sh/wo27arc9f64g574/AADOZYzmSKlztF90usq8-91pa?dl=0,math-bear,Math Bear,"2.25"" button","california,math",,
Buttons,yang-yellow.pdf,https://yangprints.com/button/yang-yellow,2019-09-03,button,YangPrints,https://www.dropbox.com/sh/wo27arc9f64g574/AADOZYzmSKlztF90usq8-91pa?dl=0,yang-yellow,Yang Yellow,"2.25"" button",,,
Buttons,yang-rainbow.pdf,https://yangprints.com/button/yang-rainbow,2019-09-03,button,YangPrints,https://www.dropbox.com/sh/wo27arc9f64g574/AADOZYzmSKlztF90usq8-91pa?dl=0,yang-rainbow,Yang Rainbow,"2.25"" button",LGBTQ,,
Buttons,golden-state-yang-gold.pdf,https://yangprints.com/button/golden-state-yang-gold,2019-09-03,button,YangPrints,https://www.dropbox.com/sh/wo27arc9f64g574/AADOZYzmSKlztF90usq8-91pa?dl=0,golden-state-yang-gold,Golden State Yang Gold,"2.25"" button",california,,
Buttons,yang-green.pdf,https://yangprints.com/button/yang-green,2019-09-03,button,YangPrints,https://www.dropbox.com/sh/wo27arc9f64g574/AADOZYzmSKlztF90usq8-91pa?dl=0,yang-green,Yang Green,"2.25"" button",,,
Buttons,yang-gang-tricolor.pdf,https://yangprints.com/button/yang-gang-tricolor,2019-09-03,button,YangPrints,https://www.dropbox.com/sh/wo27arc9f64g574/AADOZYzmSKlztF90usq8-91pa?dl=0,yang-gang-tricolor,Yang Gang Tricolor,"2.25"" button",,,
Buttons,golden-state-yang.pdf,https://yangprints.com/button/golden-state-yang,2019-09-03,button,YangPrints,https://www.dropbox.com/sh/wo27arc9f64g574/AADOZYzmSKlztF90usq8-91pa?dl=0,golden-state-yang,Golden State Yang,"2.25"" button",california,,
Buttons,humanity-first.pdf,https://yangprints.com/button/humanity-first,2019-09-03,button,YangPrints,https://www.dropbox.com/sh/wo27arc9f64g574/AADOZYzmSKlztF90usq8-91pa?dl=0,humanity-first,Humanity First,"2.25"" button",,,
Buttons,i-hang-with-yang.pdf,https://yangprints.com/button/i-hang-with-yang,2019-09-03,button,YangPrints,https://www.dropbox.com/sh/wo27arc9f64g574/AADOZYzmSKlztF90usq8-91pa?dl=0,i-hang-with-yang,I Hang With Yang,"2.25"" button",,,
Buttons,i-like-yang.pdf,https://yangprints.com/button/i-like-yang,2019-09-03,button,YangPrints,https://www.dropbox.com/sh/wo27arc9f64g574/AADOZYzmSKlztF90usq8-91pa?dl=0,i-like-yang,I Like Yang,"2.25"" button",,,
Buttons,math-hat.pdf,https://yangprints.com/button/math-hat,2019-09-03,button,YangPrints,https://www.dropbox.com/sh/wo27arc9f64g574/AADOZYzmSKlztF90usq8-91pa?dl=0,math-hat,Math Hat,"2.25"" button",,,
Buttons,moms-for-yang.pdf,https://yangprints.com/button/moms-for-yang,2019-09-03,button,YangPrints,https://www.dropbox.com/sh/wo27arc9f64g574/AADOZYzmSKlztF90usq8-91pa?dl=0,moms-for-yang,Moms For Yang,"2.25"" button",,,
Buttons,presidential.pdf,https://yangprints.com/button/presidential,2019-09-03,button,YangPrints,https://www.dropbox.com/sh/wo27arc9f64g574/AADOZYzmSKlztF90usq8-91pa?dl=0,presidential,Presidential,"2.25"" button",,,
Buttons,teachers-for-yang.pdf,https://yangprints.com/button/teachers-for-yang,2019-09-03,button,YangPrints,https://www.dropbox.com/sh/wo27arc9f64g574/AADOZYzmSKlztF90usq8-91pa?dl=0,teachers-for-yang,Teachers For Yang,"2.25"" button",,,
Buttons,tech-for-yang.pdf,https://yangprints.com/button/tech-for-yang,2019-09-03,button,YangPrints,https://www.dropbox.com/sh/wo27arc9f64g574/AADOZYzmSKlztF90usq8-91pa?dl=0,tech-for-yang,Tech For Yang,"2.25"" button",,,
Buttons,yang-blue.pdf,https://yangprints.com/button/yang-blue,2019-09-03,button,YangPrints,https://www.dropbox.com/sh/wo27arc9f64g574/AADOZYzmSKlztF90usq8-91pa?dl=0,yang-blue,Yang Blue,"2.25"" button",,,
Buttons,yang-gang-blue.pdf,https://yangprints.com/button/yang-gang-blue,2019-09-03,button,YangPrints,https://www.dropbox.com/sh/wo27arc9f64g574/AADOZYzmSKlztF90usq8-91pa?dl=0,yang-gang-blue,Yang Gang Blue,"2.25"" button",yanggang,,
Buttons,yang-gang.pdf,https://yangprints.com/button/yang-gang,2019-09-03,button,YangPrints,https://www.dropbox.com/sh/wo27arc9f64g574/AADOZYzmSKlztF90usq8-91pa?dl=0,yang-gang,Yang Gang,"2.25"" button",yanggang,,
Buttons,yang-light-blue.pdf,https://yangprints.com/button/yang-light-blue,2019-09-03,button,YangPrints,https://www.dropbox.com/sh/wo27arc9f64g574/AADOZYzmSKlztF90usq8-91pa?dl=0,yang-light-blue,Yang Light Blue,"2.25"" button",,,
Buttons,yang-logo-blue.pdf,https://yangprints.com/button/yang-logo-blue,2019-09-03,button,YangPrints,https://www.dropbox.com/sh/wo27arc9f64g574/AADOZYzmSKlztF90usq8-91pa?dl=0,yang-logo-blue,Yang Logo Blue,"2.25"" button",,,
Buttons,yang-logo.pdf,https://yangprints.com/button/yang-logo,2019-09-03,button,YangPrints,https://www.dropbox.com/sh/wo27arc9f64g574/AADOZYzmSKlztF90usq8-91pa?dl=0,yang-logo,Yang Logo,"2.25"" button",,,
Buttons,yang-orange.pdf,https://yangprints.com/button/yang-orange,2019-09-03,button,YangPrints,https://www.dropbox.com/sh/wo27arc9f64g574/AADOZYzmSKlztF90usq8-91pa?dl=0,yang-orange,Yang Orange,"2.25"" button",,,
Buttons,yang-red.pdf,https://yangprints.com/button/yang-red,2019-09-03,button,YangPrints,https://www.dropbox.com/sh/wo27arc9f64g574/AADOZYzmSKlztF90usq8-91pa?dl=0,yang-red,Yang Red,"2.25"" button",,,
Buttons,yang-sunrise.pdf,https://yangprints.com/button/yang-sunrise,2019-09-03,button,YangPrints,https://www.dropbox.com/sh/wo27arc9f64g574/AADOZYzmSKlztF90usq8-91pa?dl=0,yang-sunrise,Yang Sunrise,"2.25"" button",,,
Buttons,yang-trans.pdf,https://yangprints.com/button/yang-trans,2019-09-03,button,YangPrints,https://www.dropbox.com/sh/wo27arc9f64g574/AADOZYzmSKlztF90usq8-91pa?dl=0,yang-trans,Yang Trans,"2.25"" button",LGBTQ,,
Buttons,yang-white.pdf,https://yangprints.com/button/yang-white,2019-09-03,button,YangPrints,https://www.dropbox.com/sh/wo27arc9f64g574/AADOZYzmSKlztF90usq8-91pa?dl=0,yang-white,Yang White,"2.25"" button",,,
Share Yang,_YANG Social Basic Example.png,https://yangprints.com/handout/social-basic,2019-06-09,handout,Medlow Stranraer,https://drive.google.com/drive/folders/1JKovlxrbwoXNmwsw8LK02z8YZ9YanZPj,social-basic,,,,,/media/Share Yang/_YANG social basic Vertical.pptx
Share Yang,Pride Handout A1.png,https://yangprints.com/handout/pride-front,2019-06-09,handout,Medlow Stranraer,https://drive.google.com/drive/folders/1JKovlxrbwoXNmwsw8LK02z8YZ9YanZPj,pride-front,,,LGBTQ,,
Share Yang,Pride Handout Back.png,https://yangprints.com/handout/pride-back,2019-06-09,handout,Medlow Stranraer,https://drive.google.com/drive/folders/1JKovlxrbwoXNmwsw8LK02z8YZ9YanZPj,pride-back,,,LGBTQ,,
Official,policy_back.pdf,https://yangprints.com/handout/yang-policy-back,2019-07-04,handout,Yang2020,https://drive.google.com/drive/folders/1HHJixCIjzkyEZ-TE1oaVqmNxU68VPE-X,yang-policy-back,Andrew Yang Logo,These pair well with the other one,,,
Official,bw_8.5x11_policy_front.pdf,https://yangprints.com/ganged/yang-policy-front-4x,2019-07-04,ganged,Yang2020,https://drive.google.com/drive/folders/1HHJixCIjzkyEZ-TE1oaVqmNxU68VPE-X,yang-policy-front-4x,Hi. I'm Andrew Yang,,,,
Official,policy_front.pdf,https://yangprints.com/handout/yang-policy-front,2019-07-04,handout,Yang2020,https://drive.google.com/drive/folders/1HHJixCIjzkyEZ-TE1oaVqmNxU68VPE-X,yang-policy-front,Hi. I'm Andrew Yang,Try printing these 4 to a sheet,,,
Official,yang_brochure_final_v2.jpg,https://yangprints.com/handout/yang-brochure,2019-07-04,handout,Yang2020,https://drive.google.com/drive/folders/1HHJixCIjzkyEZ-TE1oaVqmNxU68VPE-X,yang-brochure,Andrew Yang for President,2 sided brochure,,,
YangPrints,yang2020-humanity-first-policies-flyer.pdf,https://yangprints.com/handout/yang2020-humanity-first-policies-flyer,2019-09-03,handout,YangPrints,https://www.dropbox.com/sh/sz78t4t0ajvia91/AAAo3xmUhXjPB_-UcGn_gj9aa?dl=0,yang2020-humanity-first-policies-flyer,Humanity First Policies Flier,,,,
TrumpFearsYang,trump-fears-yang-handout01.png,https://yangprints.com/handout/trumpfearsyang01,2019-09-08,handout,@Taylor_Crawford,https://www.reddit.com/r/YangForPresidentHQ/comments/d0x0aq/trump_fears_yang_poster_i_put_together/,trumpfearsyang01,Trump Fears Yang,Poster with a focus on policy that targets how Trump got elected.,,,
k8la,Ig_college_half_sheet---Kate-La.jpg,https://yangprints.com/handout/tech-freedom-dividend,2019-09-08,handout,Kate La,https://www.norcalyanggang.com,tech-freedom-dividend,Your Data is Worth More Than Oil,Big tech should pay you a Freedom Dividend,,,
k8la,youtube-tv-flyer---Kate-La.jpg,https://yangprints.com/handout/must-see-tv,2019-09-10,handout,Kate La,https://www.norcalyanggang.com,must-see-tv,Must See TV,Most Binge-worthy Candidate Ever!,,,
Posters,Yang2020 UBI Poster.pdf,https://yangprints.com/poster/yang_ubi02,2019-03-06,poster,Andrew Frawley,https://drive.google.com/drive/folders/13LdG4AxovmRYfccDj8q_IyYq6v9A2WMq,yang_ubi02,,,ubi,,
PjMcCartney,firewatchyang.png,https://yangprints.com/poster/firewatchyang,2019-03-20,poster,Pj McCartney,https://drive.google.com/drive/folders/1UeNn3NR65qBaoxLkUEZ4k8CANltn0Lb_,firewatchyang,,,,,
PjMcCartney,yang5.png,https://yangprints.com/poster/yang5,2019-03-21,poster,Pj McCartney,https://drive.google.com/drive/folders/1UeNn3NR65qBaoxLkUEZ4k8CANltn0Lb_,yang5,,,,,
PjMcCartney,yang9.png,https://yangprints.com/poster/yang9,2019-03-21,poster,Pj McCartney,https://drive.google.com/drive/folders/1UeNn3NR65qBaoxLkUEZ4k8CANltn0Lb_,yang9,,,,,
PjMcCartney,YangArtUpdatedUrl.jpg,https://yangprints.com/poster/yang_art,2019-03-21,poster,Pj McCartney,https://drive.google.com/drive/folders/1UeNn3NR65qBaoxLkUEZ4k8CANltn0Lb_,yang_art,,,,,
PjMcCartney,yangdebt.png,https://yangprints.com/poster/yangdebt,2019-03-21,poster,Pj McCartney,https://drive.google.com/drive/folders/1UeNn3NR65qBaoxLkUEZ4k8CANltn0Lb_,yangdebt,,,,,
PjMcCartney,YangNCAA.png,https://yangprints.com/poster/yang_ncaa,2019-03-21,poster,Pj McCartney,https://drive.google.com/drive/folders/1UeNn3NR65qBaoxLkUEZ4k8CANltn0Lb_,yang_ncaa,,,,,
PjMcCartney,yangNCAA2.png,https://yangprints.com/poster/yang_ncaa2,2019-03-21,poster,Pj McCartney,https://drive.google.com/drive/folders/1UeNn3NR65qBaoxLkUEZ4k8CANltn0Lb_,yang_ncaa2,,,,,
PjMcCartney,yangshapes.png,https://yangprints.com/poster/yangshapes,2019-03-21,poster,Pj McCartney,https://drive.google.com/drive/folders/1UeNn3NR65qBaoxLkUEZ4k8CANltn0Lb_,yangshapes,,,,,
PjMcCartney,YangUBI.png,https://yangprints.com/poster/yang_ubi01,2019-03-21,poster,Pj McCartney,https://drive.google.com/drive/folders/1UeNn3NR65qBaoxLkUEZ4k8CANltn0Lb_,yang_ubi01,,,,,
PjMcCartney,yaqng4.png,https://yangprints.com/poster/people_are,2019-03-21,poster,Pj McCartney,https://drive.google.com/drive/folders/1UeNn3NR65qBaoxLkUEZ4k8CANltn0Lb_,people_are,,,,,
PjMcCartney,campaign-of-ideas.jpg,https://yangprints.com/poster/campaign_of_ideas,2019-03-25,poster,Pj McCartney,https://drive.google.com/drive/folders/1UeNn3NR65qBaoxLkUEZ4k8CANltn0Lb_,campaign_of_ideas,,,,,
Posters,yang_qrdonate200.pdf,https://yangprints.com/poster/yang_qr_donate,2019-04-01,poster,Andrew Frawley,https://drive.google.com/drive/folders/13LdG4AxovmRYfccDj8q_IyYq6v9A2WMq,yang_qr_donate,,,,,
PjMcCartney,yangmath.png,https://yangprints.com/poster/yangmath,2019-04-24,poster,Pj McCartney,https://drive.google.com/drive/folders/1UeNn3NR65qBaoxLkUEZ4k8CANltn0Lb_,yangmath,,,,,
Posters,Yang_General_Poster.pdf,https://yangprints.com/poster/yang_poster,2019-05-20,poster,Andrew Frawley,https://drive.google.com/drive/folders/13LdG4AxovmRYfccDj8q_IyYq6v9A2WMq,yang_poster,,,,,
Posters,Proj2_v5.pdf,https://yangprints.com/poster/hey_dems,2019-07-02,poster,Yang2020,https://drive.google.com/drive/folders/13LdG4AxovmRYfccDj8q_IyYq6v9A2WMq,hey_dems,Hey! Google Andrew Yang,,,,
AutisticsForYang,make_america_think_harder.png,https://yangprints.com/poster/make-america-think-harder,2019-07-09,poster,@Autistics4Yang,https://twitter.com/Autistics4Yang/status/1148811826613952512,make-america-think-harder,Make America Think Harder,Policies in the background,,,https://jumpshare.com/b/wgUDrnUNr4OassonFAeF
PjMcCartney,yang2020p9.png,https://yangprints.com/poster/yang2020_runners,2019-08-05,poster,Pj McCartney,https://drive.google.com/drive/folders/1UeNn3NR65qBaoxLkUEZ4k8CANltn0Lb_,yang2020_runners,,,,,
PjMcCartney,yang20202020vision.png,https://yangprints.com/poster/yang20202020vision,2019-08-05,poster,Pj McCartney,https://drive.google.com/drive/folders/1UeNn3NR65qBaoxLkUEZ4k8CANltn0Lb_,yang20202020vision,,,,,
ArtistsForYang,YangForward.jpg,https://yangprints.com/poster/yang-forward-collab,2019-08-09,poster,@OriginalYangsta ‚®â @torihort,https://twitter.com/OriginalYangsta/status/1160024924909690880,yang-forward-collab,Yang 2020 Forward,Cool stars,,,
AndrewH,YangPoster4 - 24_x 32_.pdf,https://yangprints.com/poster/ah-watch-poster,2019-08-14,poster,Andrew H,https://drive.google.com/drive/u/1/folders/1_mEU8ehq9FjS3Pncmqanu_vx9a1k6EmE,ah-watch-poster,Interested in Andrew Yang?,Here's where to watch,,,/media/AndrewH/YangPoster4 - 24_x 32_.svg
AutisticsForYang,forward-eagle.png,https://yangprints.com/poster/forward-eagle,2019-08-17,poster,@Autistics4Yang,https://twitter.com/Autistics4Yang/status/1162871084095610881,forward-eagle,Forward. Eagle.,Not Left. Not Right. Just flying on an eagle.,,https://mystarry.space/product/andrew-yang-eagle-poster-11-x-17/,
AndrewH,Yang_General_Poster - Andrew Haskell.pdf,https://yangprints.com/poster/yang-general-poster,2019-09-01,poster,Andrew H,https://drive.google.com/file/d/1WxMZyySYMc50fGZ8B7SAntzfqngsOUSR/view,yang-general-poster,"Not Left, Not Right, Forward.",Top policies listed,,,
Posters,1000poster.png,https://yangprints.com/poster/1000poster,2019-09-08,poster,@Zerio920,https://www.reddit.com/r/YangForPresidentHQ/comments/d0sty5/heres_a_poster_for_yang_thoughts/,1000poster,Free $1000! Every month! For life!,,,,
Posters,humansovermoney.png,https://yangprints.com/poster/humansovermoney,2019-09-08,poster,@Zerio920,https://www.reddit.com/r/YangForPresidentHQ/comments/d0sty5/heres_a_poster_for_yang_thoughts/,humansovermoney,People Over Money,,,,
Posters,humansovermoneysymbol.png,https://yangprints.com/poster/humansovermoneysymbol,2019-09-08,poster,@Zerio920,https://www.reddit.com/r/YangForPresidentHQ/comments/d0sty5/heres_a_poster_for_yang_thoughts/,humansovermoneysymbol,üë®‚Äçüë©‚Äçüëß‚Äçüë¶ > $,,,,
Posters,yangmotivational.png,https://yangprints.com/poster/yangmotivational,2019-09-08,poster,@Zerio920,https://www.reddit.com/r/YangForPresidentHQ/comments/d0sty5/heres_a_poster_for_yang_thoughts/,yangmotivational,Things Can Get Better,,,,
Posters,american_dream_dying.jpg,https://yangprints.com/poster/american_dream_dying,2019-09-08,poster,@Zerio920,https://www.reddit.com/r/YangForPresidentHQ/comments/d0sty5/heres_a_poster_for_yang_thoughts/,american_dream_dying,The American Dream is Dying,"It's not a you problem, it's an us problem. Let's work together to fix this.",,,
Posters,forward.jpg,https://yangprints.com/poster/forward,2019-09-09,poster,SavageAnimator,https://www.reddit.com/r/YangForPresidentHQ/comments/cy1bj9/thought_i_would_show_my_support_in_my_own_little/,forward,,,,,
Posters,Proj2_v5_less_ink.png,https://yangprints.com/poster/hey-dems-less-ink,2019-09-14,poster,AprilDoll,https://www.reddit.com/r/YangForPresidentHQ/comments/d4cfh0/inksaving_flyer/,hey-dems-less-ink,Hey! Google Andrew Yang,Less ink version,,,
YangGangPrints,shareholder.jpg,https://yangprints.com/poster/shareholder,2019-09-15,poster,Yang Gang,http://yanggangprintables.com,shareholder,You are a shareholder in the richest and most powerful nation in the history of the world,You deserve the Freedom Dividend,,,
AndrewH,YangForward.png,https://yangprints.com/square/ah-forward,2019-07-10,square,Andrew H,https://drive.google.com/drive/u/1/folders/1_mEU8ehq9FjS3Pncmqanu_vx9a1k6EmE,ah-forward,"Not left, not right, forward",,,,
AndrewH,YangInstaPoster.png,https://yangprints.com/square/ah-watch,2019-07-10,square,Andrew H,https://drive.google.com/drive/u/1/folders/1_mEU8ehq9FjS3Pncmqanu_vx9a1k6EmE,ah-watch,Interested in Andrew Yang?,Here's where to watch,,,
AndrewH,YangInstaPosterLeft.png,https://yangprints.com/square/ah-watch-left,2019-07-10,square,Andrew H,https://drive.google.com/drive/u/1/folders/1_mEU8ehq9FjS3Pncmqanu_vx9a1k6EmE,ah-watch-left,Interested in Andrew Yang?,Here's where to watch,,,
AndrewH,YangYin1.png,https://yangprints.com/square/ah-yin-yang,2019-07-10,square,Andrew H,https://drive.google.com/drive/u/1/folders/1_mEU8ehq9FjS3Pncmqanu_vx9a1k6EmE,ah-yin-yang,For every yin,There's a Yang!,yinyang,,
Square,sq-math-001.jpg,https://yangprints.com/square/sq-math-001,2019-08-21,square,@Kayrosis,https://twitter.com/Kayrosis/status/1164419240394465280,sq-math-001,What would you do with $1000/mo for life?,,"google,math",,
TracyWong,3x3_1k_Yang_Single_Parents.jpg,https://yangprints.com/square/1k_yang_single_parents,2019-09-02,square,@WhoIsAndrewYang,https://www.dropbox.com/sh/ifsviwvhvi6ii84/AADUCjmGsIRLzyooau7cHaYYa?dl=0&fbclid=IwAR3bEZouat8Pz116MAYseIoa3Fqao6PIpigFUwvUJICJ9y5sCA3mUggRXuQ,1k_yang_single_parents,Single Parents,An extra $1K a month would help to decrease the stress as a single parent,"parents,ubi,families",,
TracyWong,3x3_1k_Yang_StayHome_Parents.jpg,https://yangprints.com/square/1k_yang_stayhome_parents,2019-09-02,square,@WhoIsAndrewYang,https://www.dropbox.com/sh/ifsviwvhvi6ii84/AADUCjmGsIRLzyooau7cHaYYa?dl=0&fbclid=IwAR3bEZouat8Pz116MAYseIoa3Fqao6PIpigFUwvUJICJ9y5sCA3mUggRXuQ,1k_yang_stayhome_parents,Stay at Home Parents,An extra $1K a month would provide relief to stressed out single-income households,"parents,ubi",,
TracyWong,3x3_1k_Yang_Teachers.jpg,https://yangprints.com/square/1k_yang_teachers,2019-09-02,square,@WhoIsAndrewYang,https://www.dropbox.com/sh/ifsviwvhvi6ii84/AADUCjmGsIRLzyooau7cHaYYa?dl=0&fbclid=IwAR3bEZouat8Pz116MAYseIoa3Fqao6PIpigFUwvUJICJ9y5sCA3mUggRXuQ,1k_yang_teachers,Teachers,An extra $1K a month would give teachers the flexibility to buy supplies for their students without worrying about how it would impact their own standard of living.,"teachers,ubi",,
TracyWong,3x3_1k_Yang_You.jpg,https://yangprints.com/square/1k_yang_you,2019-09-02,square,@WhoIsAndrewYang,https://www.dropbox.com/sh/ifsviwvhvi6ii84/AADUCjmGsIRLzyooau7cHaYYa?dl=0&fbclid=IwAR3bEZouat8Pz116MAYseIoa3Fqao6PIpigFUwvUJICJ9y5sCA3mUggRXuQ,1k_yang_you,Don't think you need an extra $1K a month?,"It can give you the freedom to switch jobs, move, innovate, trickle-up the economy, and contribute to your community.","ubi,freedom,humanity",,
TracyWong,3x3_7_Stages_of_Yang.jpg,https://yangprints.com/square/7_stages_of_yang,2019-09-02,square,@WhoIsAndrewYang,https://www.dropbox.com/sh/ifsviwvhvi6ii84/AADUCjmGsIRLzyooau7cHaYYa?dl=0&fbclid=IwAR3bEZouat8Pz116MAYseIoa3Fqao6PIpigFUwvUJICJ9y5sCA3mUggRXuQ,7_stages_of_yang,7 stages of Yang,,"google,7 stages",,
TracyWong,3x3_1992_prez.jpg,https://yangprints.com/square/1992_prez,2019-09-02,square,@WhoIsAndrewYang,https://www.dropbox.com/sh/ifsviwvhvi6ii84/AADUCjmGsIRLzyooau7cHaYYa?dl=0&fbclid=IwAR3bEZouat8Pz116MAYseIoa3Fqao6PIpigFUwvUJICJ9y5sCA3mUggRXuQ,1992_prez,He's only a longshot if you don't support him,,"longshot,register",,
TracyWong,3x3_AI_Jobs.jpg,https://yangprints.com/square/ai_jobs,2019-09-02,square,@WhoIsAndrewYang,https://www.dropbox.com/sh/ifsviwvhvi6ii84/AADUCjmGsIRLzyooau7cHaYYa?dl=0&fbclid=IwAR3bEZouat8Pz116MAYseIoa3Fqao6PIpigFUwvUJICJ9y5sCA3mUggRXuQ,ai_jobs,Learn how Freedom Dividend helps those at risk due to automation,,automation,,
TracyWong,3x3_Do_Some_Research.jpg,https://yangprints.com/square/do_some_research,2019-09-02,square,@WhoIsAndrewYang,https://www.dropbox.com/sh/ifsviwvhvi6ii84/AADUCjmGsIRLzyooau7cHaYYa?dl=0&fbclid=IwAR3bEZouat8Pz116MAYseIoa3Fqao6PIpigFUwvUJICJ9y5sCA3mUggRXuQ,do_some_research,Do Some Research Plz,,google,,
TracyWong,3x3_goth_yang.jpg,https://yangprints.com/square/goth_yang,2019-09-02,square,@WhoIsAndrewYang,https://www.dropbox.com/sh/ifsviwvhvi6ii84/AADUCjmGsIRLzyooau7cHaYYa?dl=0&fbclid=IwAR3bEZouat8Pz116MAYseIoa3Fqao6PIpigFUwvUJICJ9y5sCA3mUggRXuQ,goth_yang,Goth Yang,"""Art in all its forms enriches us and informs us about who we are as people.""","quote,ubi,art",,
TracyWong,3x3_Homer_Yang_@andrewyangtrain.jpg,https://yangprints.com/square/homer_yang_andrewyangtrain,2019-09-02,square,@WhoIsAndrewYang,https://www.dropbox.com/sh/ifsviwvhvi6ii84/AADUCjmGsIRLzyooau7cHaYYa?dl=0&fbclid=IwAR3bEZouat8Pz116MAYseIoa3Fqao6PIpigFUwvUJICJ9y5sCA3mUggRXuQ,homer_yang_andrewyangtrain,Googling Andrew Yang ‚Üí Yang Gang,"Tree absorbs Homer Simpson, causes him to be Yang Gang","homer simpson,google,yanggang",,
TracyWong,3x3_Uncle_Yang_@jdschang.jpg,https://yangprints.com/square/uncle_yang_jdschang,2019-09-02,square,@WhoIsAndrewYang,https://www.dropbox.com/sh/ifsviwvhvi6ii84/AADUCjmGsIRLzyooau7cHaYYa?dl=0&fbclid=IwAR3bEZouat8Pz116MAYseIoa3Fqao6PIpigFUwvUJICJ9y5sCA3mUggRXuQ,uncle_yang_jdschang,I want you to have $1000,,"quote,ubi,google,cartoon",,
TracyWong,3x3_Vote_Yang_Social_Media_Comments.jpg,https://yangprints.com/square/vote_yang_social_media_comments,2019-09-02,square,@WhoIsAndrewYang,https://www.dropbox.com/sh/ifsviwvhvi6ii84/AADUCjmGsIRLzyooau7cHaYYa?dl=0&fbclid=IwAR3bEZouat8Pz116MAYseIoa3Fqao6PIpigFUwvUJICJ9y5sCA3mUggRXuQ,vote_yang_social_media_comments,Register to vote!,,register,,
TracyWong,3x3_Would_You_Rather.jpg,https://yangprints.com/square/would_you_rather,2019-09-02,square,@WhoIsAndrewYang,https://www.dropbox.com/sh/ifsviwvhvi6ii84/AADUCjmGsIRLzyooau7cHaYYa?dl=0&fbclid=IwAR3bEZouat8Pz116MAYseIoa3Fqao6PIpigFUwvUJICJ9y5sCA3mUggRXuQ,would_you_rather,The same people who have been talking about fixing those same problems are still talking about it.,We need real solutions that make logical sense!,"forward,logic",,
TracyWong,3x3_Yang_Tweet.jpg,https://yangprints.com/square/yang_tweet,2019-09-02,square,@WhoIsAndrewYang,https://www.dropbox.com/sh/ifsviwvhvi6ii84/AADUCjmGsIRLzyooau7cHaYYa?dl=0&fbclid=IwAR3bEZouat8Pz116MAYseIoa3Fqao6PIpigFUwvUJICJ9y5sCA3mUggRXuQ,yang_tweet,Dividend prefered over higher minimum wage,,"quote,ubi",,
TracyWong,3x3_Yang_Why_Running_Prez.jpg,https://yangprints.com/square/yang_why_running_prez,2019-09-02,square,@WhoIsAndrewYang,https://www.dropbox.com/sh/ifsviwvhvi6ii84/AADUCjmGsIRLzyooau7cHaYYa?dl=0&fbclid=IwAR3bEZouat8Pz116MAYseIoa3Fqao6PIpigFUwvUJICJ9y5sCA3mUggRXuQ,yang_why_running_prez,I am running for President because I'm an American and a parent,,"quote,humanity",,
TracyWong,3x3_Yang_Women.jpg,https://yangprints.com/square/yang_women,2019-09-02,square,@WhoIsAndrewYang,https://www.dropbox.com/sh/ifsviwvhvi6ii84/AADUCjmGsIRLzyooau7cHaYYa?dl=0&fbclid=IwAR3bEZouat8Pz116MAYseIoa3Fqao6PIpigFUwvUJICJ9y5sCA3mUggRXuQ,yang_women,The work of women is undervalued in our society,,"women,quote",,
TracyWong,3x3_Yang1K_Bill.jpg,https://yangprints.com/square/yang1k_bill,2019-09-02,square,@WhoIsAndrewYang,https://www.dropbox.com/sh/ifsviwvhvi6ii84/AADUCjmGsIRLzyooau7cHaYYa?dl=0&fbclid=IwAR3bEZouat8Pz116MAYseIoa3Fqao6PIpigFUwvUJICJ9y5sCA3mUggRXuQ,yang1k_bill,What would you do with an extra $1000 a month?,,ubi,,
TracyWong,3x3_Yang_Math.jpg,https://yangprints.com/square/yang_math,2019-09-03,square,@WhoIsAndrewYang,https://www.dropbox.com/sh/ifsviwvhvi6ii84/AADUCjmGsIRLzyooau7cHaYYa?dl=0&fbclid=IwAR3bEZouat8Pz116MAYseIoa3Fqao6PIpigFUwvUJICJ9y5sCA3mUggRXuQ,yang_math,Feeling helpless?,You just got rolled,"google,rickrolled",,
TracyWong,3x3_Call_Yang_Maybe.jpg,https://yangprints.com/square/call_yang_maybe,2019-09-06,square,@WhoIsAndrewYang,https://www.dropbox.com/sh/ifsviwvhvi6ii84/AADUCjmGsIRLzyooau7cHaYYa?dl=0&fbclid=IwAR3bEZouat8Pz116MAYseIoa3Fqao6PIpigFUwvUJICJ9y5sCA3mUggRXuQ,call_yang_maybe,Call Yang,,"ubi,google",,
TracyWong,3x3_Yang_Venn_Diagram.jpg,https://yangprints.com/square/yang_venn_diagram,2019-09-06,square,@WhoIsAndrewYang,https://www.dropbox.com/sh/ifsviwvhvi6ii84/AADUCjmGsIRLzyooau7cHaYYa?dl=0&fbclid=IwAR3bEZouat8Pz116MAYseIoa3Fqao6PIpigFUwvUJICJ9y5sCA3mUggRXuQ,yang_venn_diagram,"Freedom Dividend, Medicare as a Basic Right, Human-Centered Capitalism",,"google,humanity",,
YangGangPrints,Big3-venn.jpg,https://yangprints.com/square/big3-venn,2019-09-16,square,Yang Gang,http://yanggangprintables.com,big3-venn,Andrew Yang's Big 3,,policies,,
YangGangPrints,environ-square.jpg,https://yangprints.com/square/environ-square,2019-09-16,square,Yang Gang,http://yanggangprintables.com,environ-square,Reverse Environmental Damage,,"climate,quote",,
YangGangPrints,FDfunding-square.jpg,https://yangprints.com/square/f-dfunding-square,2019-09-16,square,Yang Gang,http://yanggangprintables.com,f-dfunding-square,How Andrew Yang will put $1000/month in your pocket,Without borrowing a cent,ubi,,
YangGangPrints,MedianAmerican.jpg,https://yangprints.com/square/median-american,2019-09-16,square,Yang Gang,http://yanggangprintables.com,median-american,The Median American,,ubi,,
YangGangPrints,MLK-UBI-square.jpg,https://yangprints.com/square/mlk-ubi-square,2019-09-16,square,Yang Gang,http://yanggangprintables.com,mlk-ubi-square,MLK wanted a guaranteed annual income,,"mlk,ubi",,
YangGangPrints,policy-square.jpg,https://yangprints.com/square/policy-square,2019-09-16,square,Yang Gang,http://yanggangprintables.com,policy-square,Yang2020 Policy Proposals,,policies,,
YangGangPrints,test-jobs.jpg,https://yangprints.com/square/test-jobs,2019-09-16,square,Yang Gang,http://yanggangprintables.com,test-jobs,Will there be millions of new jobs for middle-aged people with low skills and levels of education near the places they currently reside?,,"ubi,quote",,
YangGangPrints,UBIbenefits.jpg,https://yangprints.com/square/ub-ibenefits,2019-09-16,square,Yang Gang,http://yanggangprintables.com,ub-ibenefits,10 Biggest Benefits of Universal Basic Income,,ubi,,
YangGangPrints,UBIeffects.jpg,https://yangprints.com/square/ub-ieffects,2019-09-16,square,Yang Gang,http://yanggangprintables.com,ub-ieffects,Observed Effects of Basic Income,,ubi,,
YangStickers,Mth-Sticker-4.jpg,https://yangprints.com/sticker/math-sticker,2019-09-08,sticker,YangStickers,http://yangstickers.com,math-sticker,,,math,,
YangWave,YangWave-Poster-Forward-Alt.png,https://yangprints.com/sticker/neonyang-forward-alt,2019-09-08,sticker,NeonYang Club,https://neonyang.club,neonyang-forward-alt,YangWave Forward,"Not left, not right, but forward","forward,vaporwave",https://neonyang.club,
YangWave,YangWave-Poster-Forward.png,https://yangprints.com/sticker/neonyang-forward,2019-09-08,sticker,NeonYang Club,https://neonyang.club,neonyang-forward,YangWave Forward,"Not left, not right, but forward","forward,vaporwave",https://neonyang.club,
YangStickers,yang_gang_sticker.jpg,https://yangprints.com/sticker/yang-gang-sticker,2019-09-08,sticker,YangStickers,http://yangstickers.com,yang-gang-sticker,,,yanggang,,
YangWave,YangWave-Poster-Human-Alt.png,https://yangprints.com/sticker/neonyang-human-alt,2019-09-08,sticker,NeonYang Club,https://neonyang.club,neonyang-human-alt,YangWave Humanity First,Human centered capitalism,"humanity,vaporwave",https://neonyang.club,
YangWave,YangWave-Poster-Human.png,https://yangprints.com/sticker/neonyang-human,2019-09-08,sticker,NeonYang Club,https://neonyang.club,neonyang-human,YangWave Humanity First,Human centered capitalism,"humanity,vaporwave",https://neonyang.club,
YangStickers,yang2020-nasa.jpg,https://yangprints.com/sticker/nasa-sticker,2019-09-08,sticker,YangStickers,http://yangstickers.com,nasa-sticker,,,nasa,,
YangWave,YangWave-Poster-Poverty-Alt.png,https://yangprints.com/sticker/neonyang-poverty-alt,2019-09-08,sticker,NeonYang Club,https://neonyang.club,neonyang-poverty-alt,YangWave Eliminate Poverty,Eliminate poverty now!,"poverty,vaporwave",https://neonyang.club,
YangWave,YangWave-Poster-Poverty.png,https://yangprints.com/sticker/neonyang-poverty,2019-09-08,sticker,NeonYang Club,https://neonyang.club,neonyang-poverty,YangWave Eliminate Poverty,Eliminate poverty now!,"poverty,vaporwave",https://neonyang.club,
YangStickers,humanity-first-classy.jpg,https://yangprints.com/sticker/humanity-first-classy,2019-09-08,sticker,YangStickers,http://yangstickers.com,humanity-first-classy,,,humanity,,
YangWave,YangWave-Poster-UBI-Alt.png,https://yangprints.com/sticker/neonyang-ubi-alt,2019-09-08,sticker,NeonYang Club,https://neonyang.club,neonyang-ubi-alt,YangWave UBI,$1000 per month for every American,"vaporwave,ubi",https://neonyang.club,
YangWave,YangWave-Poster-UBI.png,https://yangprints.com/sticker/neonyang-ubi,2019-09-08,sticker,NeonYang Club,https://neonyang.club,neonyang-ubi,YangWave UBI,$1000 per month for every American,"vaporwave,ubi",https://neonyang.club,
YangStickers,yang2020 humanity first sticker.jpg,https://yangprints.com/sticker/humanity-first-sticker,2019-09-08,sticker,YangStickers,http://yangstickers.com,humanity-first-sticker,,,humanity,,
Buttons,math-abs.pdf,https://yangprints.com/button/math-abs,2019-09-10,button,YangPrints,https://www.dropbox.com/sh/wo27arc9f64g574/AADOZYzmSKlztF90usq8-91pa?dl=0,math-abs,Math Abs,"2.25"" button","abs,math",,
Posters,one-in-four-living-in-povery-get-no-welfare.png,https://yangprints.com/poster/one-in-four-living-in-povery-get-no-welfare,2019-09-16,poster,@Zerio920,https://www.reddit.com/r/YangForPresidentHQ/comments/d5asrw/poster_on_welfare_inequality/,one-in-four-living-in-povery-get-no-welfare,One In Four Living In Povery Get No Welfare,,"ubi,poverty",,
20190917,humanity-first.png,https://yangprints.com/sticker/humanity-first,2019-09-17,sticker,Khoa Nguyen,http://bit.ly/PrintYang,humanity-first,Humanity First Bumper Sticker,,"bumper sticker,humanity",,
20190917,joe-rogan-andrew-yang-bumper-sticker.png,https://yangprints.com/sticker/joe-rogan-andrew-yang-bumper-sticker,2019-09-17,sticker,Khoa Nguyen,http://bit.ly/PrintYang,joe-rogan-andrew-yang-bumper-sticker,Joe Rogan Bumper Sticker,,"bumper sticker,rogan",,
20190917,Glenwood Springs YangGang bcard.jpg,https://yangprints.com/bcard/glenwood-springs-yanggang-bcard,2019-09-17,bcard,HopefulDealer,https://www.reddit.com/r/YangForPresidentHQ/comments/ciq431/just_submitted_an_order_for_250_business_cards/,glenwood-springs-yanggang-bcard,Google Andrew Yang,,"google,forward",,
20190917,shadow-clone.png,https://yangprints.com/sticker/shadow-clone,2019-09-17,sticker,Khoa Nguyen,http://bit.ly/PrintYang,shadow-clone,Dancing Shadow Clone,,cartoon,,
20190917,Yang Gang - Our Values Poster - Gordon Montgomery.jpg,https://yangprints.com/handout/yang-gang-our-values-poster-gordon-montgomery,2019-09-17,handout,Yang2020,http://www.yang2020.com,yang-gang-our-values-poster-gordon-montgomery,Our Values Poster,,values,,
20190917,yang-2020-bumper-sticker.png,https://yangprints.com/sticker/yang-2020-bumper-sticker,2019-09-17,sticker,Khoa Nguyen,http://bit.ly/PrintYang,yang-2020-bumper-sticker,Yang2020 Bumper Sticker,,bumper sticker,,
20190917,Yang-2020-card-4x6 - Patrick eHawaii.jpg,https://yangprints.com/handout/yang-2020-card-4x6-patrick-ehawaii,2019-09-17,handout,Yang Gang Hawaii,,yang-2020-card-4x6-patrick-ehawaii,"Not Left, Not Right, Forward 4x6 Postcard",,forward,,/media/20190917/Yang-Climate-card-4x6 - Patrick eHawaii.pdf
20190917,yang-blue-red.png,https://yangprints.com/poster/yang-blue-red,2019-09-17,poster,Khoa Nguyen,http://bit.ly/PrintYang,yang-blue-red,Blue and Red Poster,,forward,,
20190917,Yang-Climate-card-4x6 - Patrick eHawaii.jpg,https://yangprints.com/handout/yang-climate-card-4x6-patrick-ehawaii,2019-09-17,handout,Yang Gang Hawaii,,yang-climate-card-4x6-patrick-ehawaii,Climate Change 4x6 Postcard,,"quote,climate",,/media/20190917/Yang-Climate-card-4x6 - Patrick eHawaii.pdf
20190917,Yang-Freedom-Dividend-card-4x6 - Patrick eHawaii.jpg,https://yangprints.com/handout/yang-freedom-dividend-card-4x6-patrick-ehawaii,2019-09-17,handout,Yang Gang Hawaii,,yang-freedom-dividend-card-4x6-patrick-ehawaii,Freedom Dividend 4x6 Postcard,,"ubi,quote",,/media/20190917/Yang-Freedom-Dividend-card-4x6 - Patrick eHawaii.pdf
20190917,Yang-Humanity1st-card-4x6 - Patrick eHawaii.jpg,https://yangprints.com/handout/yang-humanity1st-card-4x6-patrick-ehawaii,2019-09-17,handout,Yang Gang Hawaii,,yang-humanity1st-card-4x6-patrick-ehawaii,Humanity First 4x6 Postcard,,"humanity,quote",,/media/20190917/Yang-Humanity1st-card-4x6 - Patrick eHawaii.pdf
20190917,UncleYang1K_1Col_jdschang.pdf,https://yangprints.com/poster/uncle-yang-1k,2019-09-17,poster,jdschang,https://www.reddit.com/r/YangForPresidentHQ/comments/d56ims/concept_only_how_cool_would_this_be_if_anyone_is/,uncle-yang-1k,Uncle Yang,,"yang,ubi",,
20190917,yangwave_wallpaper2020 - Andrew Haskell.png,https://yangprints.com/sticker/yang2020-vaporwave,2019-09-17,sticker,Andrew H,https://drive.google.com/drive/u/1/folders/1_mEU8ehq9FjS3Pncmqanu_vx9a1k6EmE,yang2020-vaporwave,Yang2020 Vaporwave,Y A N G   A E S T H E T I C,vaporwave,,
20190917,MS-YangObey-MATH.pdf,https://yangprints.com/sticker/obey-math,2019-09-17,sticker,Yang Gang,,obey-math,MATH,,"math,cartoon",,
20190917,MS-YangObey-UBI.pdf,https://yangprints.com/sticker/obey-ubi,2019-09-17,sticker,Yang Gang,,obey-ubi,UBI,,"ubi,cartoon",,
20190917,Pride Pamphlet.pdf,https://yangprints.com/ganged/pride-pamphlet,2019-09-17,ganged,Yang Gang,,pride-pamphlet,Pride Pamphlet,,LGBTQ,,
20190917,have-you-heard-the-good-news.jpg,https://yangprints.com/poster/have-you-heard-the-good-news,2019-09-18,poster,Heather A,https://twitter.com/gehmflor,have-you-heard-the-good-news,Hello!,Have You Heard the Good News of the Freedom Dividend & Human Centered Capitalism?,"humanity,humanity first, human centered capitalism",,
20190919,mt-yang.jpg,https://yangprints.com/sticker/mt-yang,2019-09-19,sticker,@Yang2020For,https://twitter.com/Yang2020For/status/1174679546991280129,mt-yang,Mt Yang,,policies,,
20190919,The Climate Crisis - Andrew Yang's 6 Strategies.pdf,https://yangprints.com/handout/yang-6-climate-change-strategies,2019-09-19,handout,Beverly Freeman,https://twitter.com/hungrybeverly,yang-6-climate-change-strategies,Andrew Yang's 6 Climate-Change Strategies,,"climate,policies",,
20190919,yang-collage.jpg,https://yangprints.com/poster/yang-collage,2019-09-19,poster,@Mikes_Photoshop,https://twitter.com/Mikes_Photoshop/status/1173717400904175621,yang-collage,,,collage,,
20190919,yangsclimateplan - Joseph Collins.png,https://yangprints.com/sticker/earth-yang,2019-09-19,sticker,@designs4yang,http://www.twitter.com/designs4yang,earth-yang,Earth Yang,Earth Yang,"climate,cartoon",https://rukusmediaroom.bigcartel.com/product/earthyang,/media/20190919/yang print file - Joseph Collins.png
20190920,1000dollardividend.pdf,https://yangprints.com/handout/freedom-bill-handout,2019-09-20,handout,Yang Gang Hawaii,,freedom-bill-handout,Freedom Dividend $1000 bill,"Two-sided 3""x7.125"" handout",ubi,,
20190919,MATHStickers - Skeletor Ington.jpg,https://yangprints.com/sticker/math-yang-dotted,2019-09-19,sticker,@Skeletorington3,https://yangmemers.com/,math-yang-dotted,MATH Yang,,"math,bw",,
20190919,YangForUs - Michael Kim.jpg,https://yangprints.com/sticker/yang-for-us-asian-style,2019-09-19,sticker,@YangForUs,http://YangFor.us,yang-for-us-asian-style,Yang For Us,Asian-style Art,"cartoon,bw",http://YangFor.us,
20190919,Yang 2020 Flyer QR - Sarah Christian.png,https://yangprints.com/poster/google-andrew-yang-1000-qr-flyer,2019-09-19,poster,Sarah Christian,https://www.inthemomentks.com/graphicdesign,google-andrew-yang-1000-qr-flyer,Google Andrew Yang $1000 QR Code Flyer 8.5x11,Google Andrew Yang $1000 QR Code Flyer 8.5x11,google,,
20190919,Freedom Dividend.pdf,https://yangprints.com/handout/freedom-dividend-trifold-brochure,2019-09-19,handout,@TheMagickNook,https://twitter.com/TheMagickNook,freedom-dividend-trifold-brochure,Tri Fold Freedom Dividend Brochure,,"freedom dividend, UBI",,
20190920,change-the-incentives.jpg,https://yangprints.com/square/change-the-incentives,2019-09-20,square,@KrzyKuro,https://twitter.com/KrzyKuro/status/1175045589496737792,change-the-incentives,"Change the Incentives, Change the World.",Human Centered Capitalism,humanity,,
20190920,46.jpg,https://yangprints.com/banner/46,2019-09-20,banner,@andrew10cotter,https://twitter.com/andrew10cotter/status/1175092401133637632,46,46,,potus,,
20190920,capitalism-vs-human-capitalism.jpg,https://yangprints.com/square/capitalism-vs-human-capitalism,2019-09-20,square,Yang2020,,capitalism-vs-human-capitalism,How Human Capitalism Would Move Society Forward,,"humanity,capitalism",,
20190920,FD stack options 2 - Joseph Collins.png,https://yangprints.com/poster/freedom-dividend-stacks,2019-09-20,poster,Joseph Collins,,freedom-dividend-stacks,"Freedom Dividend Stacks With SSDI, OASDI...",,ubi,,
20190920,maslow.jpg,https://yangprints.com/square/maslow,2019-09-20,square,Yang2020,,maslow,Maslow's Hierarchy of Needs,And How the Freedom Dividend Helps Fufill Them,ubi,,
20190920,no-american-should-work-full-time-and-live-in-poverty.jpg,https://yangprints.com/square/no-american-should-work-full-time-and-live-in-poverty,2019-09-20,square,Yang2020,,no-american-should-work-full-time-and-live-in-poverty,No American Should Work Full Time and Live In Poverty,,"poverty,ubi,quote",,
20190920,Yang1000dividend-4up.pdf,https://yangprints.com/ganged/freedom-bill-handout-4x,2019-09-20,ganged,Yang Gang Hawaii,,freedom-bill-handout-4x,Freedom Dividend $1000 bill,"Two-sided 4 x 2.5""x6‚Äù (dollar bill sized) handout",bucks,,
20190920,invite-girls.jpg,https://yangprints.com/invite/invite-girls,2019-09-20,invite,Heather A,https://twitter.com/gehmflor,invite-girls,Invite Template - Girls,Use to invite people into the Yang Gang!,"invite,women",,
20190920,invite-humanity-first.jpg,https://yangprints.com/invite/invite-humanity-first,2019-09-20,invite,Heather A,https://twitter.com/gehmflor,invite-humanity-first,Invite Template - Humanity First,Use to invite people into the Yang Gang!,invite,,
20190920,invite-yang-engraved.jpg,https://yangprints.com/invite/invite-yang-engraved,2019-09-20,invite,Heather A,https://twitter.com/gehmflor,invite-yang-engraved,"Invite Template - Yang, engraved",Use to invite people into the Yang Gang!,invite,,
20190920,Your Dividend - Rick Cleigh.jpg,https://yangprints.com/poster/your-dividend,2019-09-20,poster,Rick C,,your-dividend,Your Dividend,Since 1982 People in Alaska have Received a Dividend Funded by the Oil They Sell,"alaska,ubi",,
20190920,Yang-Climate-poster-20x30 - Patrick eHawaii.pdf,https://yangprints.com/poster/climate-change,2019-09-20,poster,Yang Gang Hawaii,,climate-change,Climate Change,"Climate Change 20""x30"" poster ",climate,,
20190920,Women for Yang Business Card - Back - Logan Jensen.jpg,https://yangprints.com/bcard/women-for-yang-bcard-back,2019-09-20,bcard,@WomenforYang,https://twitter.com/WomenforYang,women-for-yang-bcard-back,Women for Yang Business Card (Back),"Business card that lists the policies that directly affect women, interviews with women, and how the Freedom Dividend would empower women ",women,,
20190920,Women for Yang Business Card - Front - Logan Jensen.jpg,https://yangprints.com/bcard/women-for-yang-bcard-front,2019-09-20,bcard,@WomenforYang,https://twitter.com/WomenforYang,women-for-yang-bcard-front,Women for Yang Business Card (Front),"Business card that lists the policies that directly affect women, interviews with women, and how the Freedom Dividend would empower women ",women,,
20190922,potus-hexagons.jpg,https://yangprints.com/sticker/potus-hexagons,2019-09-22,sticker,@andrew10cotter,https://twitter.com/andrew10cotter/status/1175092401133637632,potus-hexagons,Yang Collage with Hexagons,,potus,,
20190922,white-house-forward.jpg,https://yangprints.com/poster/white-house-forward,2019-09-22,poster,@andrew10cotter,https://twitter.com/andrew10cotter/status/1175092401133637632,white-house-forward,Forward to the White House,,"white house,forward",,
20190922,white-house-wings.jpg,https://yangprints.com/sticker/white-house-wings,2019-09-22,sticker,@andrew10cotter,https://twitter.com/andrew10cotter/status/1175092401133637632,white-house-wings,Yang with White House,,white house,,
20190922,WeAreLegionPDFBlue - Dani Leis.pdf,https://yangprints.com/poster/we-are-yang-gang,2019-09-22,poster,@danileis,https://twitter.com/danileis,we-are-yang-gang,We Are Yang Gang,We Are Yang Gang. We are legion.,yanggang,,
20190922,Yang-HumanityFirst-bcard.jpg,https://yangprints.com/bcard/humanity-first,2019-09-22,bcard,Yang Gang Hawaii,,humanity-first,Humanity First b-card,"Humanity First b-card 2""x3.5"" (with .125"" bleed)",humanity,,/media/20190920/Yang-HumanityFirst-bcard.pdf
20190922,Yang-Forward-bcard.jpg,https://yangprints.com/bcard/forward,2019-09-22,bcard,Yang Gang Hawaii,,forward,Forward (Not left. Not right) b-card,"Forward b-card 2""x3.5"" (with .125"" bleed)",forward,,/media/20190920/Yang-Forward-bcard.pdf
20190923,yangtrickleup - Johnny Louis.jpg,https://yangprints.com/poster/trickle-up,2019-09-23,poster,J7VM - Johnny Louis Visual Media,http://www.j7vm.com,trickle-up,Trickle Up,Trickle Up Economy,trickle up,,
20190923,People-over-money-yang2020 - Thomas G.pdf,https://yangprints.com/poster/youtube-andrew-yang,2019-09-23,poster,@austinthebeals,https://twitter.com/austinthebeals,youtube-andrew-yang,YouTube Andrew Yang,A slight twist to the classic Google Andrew Yang poster,youtube,,
20190923,yang-buck-back-new - Austin Beals.pdf,https://yangprints.com/handout/yang-buck-icons,2019-09-23,handout,@austinthebeals,https://twitter.com/austinthebeals,yang-buck-icons,Yang Buck Back,Optional backside to the popular Yang Buck,"icons,bucks",,
20190923,Yang-YouTube - Austin Beals.pdf,https://yangprints.com/poster/people-over-money,2019-09-23,poster,@thomaskgould,https://twitter.com/thomaskgould,people-over-money,People over money. YouTube Yang 2020,"B&W 15 x 10 pdf (print on 17x11, crop for best results) Cheap printing, visually loud","youtube,cheap,bw",,
20190923,yang2020-climate-zine.jpg,https://yangprints.com/handout/climate-change-zine,2019-09-23,handout,@hellseathinks,https://twitter.com/hellseathinks/status/1175947262582652928,climate-change-zine,Climate Change,"It's Worse Than You Think-Lower Emissions, Higher Grounds","zine,climate",,
20190923,WeAreInvinciblePDFRed - Dani Leis.pdf,https://yangprints.com/poster/we-are-yang-gang-invincible,2019-09-23,poster,@danileis,https://twitter.com/danileis,we-are-yang-gang-invincible,We Are Yang Gang,We Are Yang Gang. We are invincible.,yanggang,,
20190924,AndrewYang-Humanity1st-poster - Patrick eHawaii.pdf,https://yangprints.com/poster/Humanity First - Andrew Yang (official photo),2019-09-24,poster,Yang Gang Hawaii,,humanity-first-new-era-of-abundance,Humanity First - Andrew Yang (official photo),"Humanity First poster (18""x24"") using the official campaign headshot photo",humanity,,
20190924,se741wgpvym31 - Ryan Rozwadowski.jpg,https://yangprints.com/sticker/Cartoon Andrew ,2019-09-24,sticker,@WizardofRoz,,cartoon-andrew,Cartoon Andrew ,Lovable Cartoon of Andrew Yang,cartoon,,
20190924,Humanity-First-people - Patrick eHawaii.pdf,https://yangprints.com/poster/Humanity First Yang Gang crowd poster,2019-09-24,poster,Yang Gang Hawaii,,humanity-first-crowd,Humanity First Yang Gang crowd poster,"Humanity First with Yang Gang crowd poster (18""x24"")",humanity,,
20190925,PicsArt_08-04-09.36.06 - Jonathan Badley.jpg,https://yangprints.com/square/secure-the-bag-postit,2019-09-25,square,,,secure-the-bag-postit,Andrew Yang Sticky Note,Redesign of u/HopefulDealer business card,"secure the bag,ubi",,
20190925,Yang Poster New.jpg,https://yangprints.com/banner/yang-poster-new,2019-09-25,banner,@npatrizi,https://www.reddit.com/r/YangForPresidentHQ/comments/cvtubt/giant_yang_poster_spotted_in_the_wild_right/,yang-poster-new,Yang2020 Banner,Humanity First,humanity,,
20190925,yang-buck-blue.png,https://yangprints.com/handout/yang-buck-blue,2019-09-25,handout,@scott__santos,https://twitter.com/scott__santos/,yang-buck-blue,Yang Buck Back - Blue,Designs for print-out YangBucks to be handed out as informational flyers,bucks,,
20190925,yang-buck-white.png,https://yangprints.com/handout/yang-buck-white,2019-09-25,handout,@scott__santos,https://twitter.com/scott__santos/,yang-buck-white,Yang Buck Back - White,Designs for print-out YangBucks to be handed out as informational flyers,bucks,,